test	OR	pvalue	tf_with_dmp	tf_total
TF_enrichment_at_DMPs	0.985618068871806	0.832182436604528	352	2217
