gene_id	n_cpgs	mean_ctrl_entropy	mean_ampu_entropy	mean_delta_entropy	mean_ctrl_beta	mean_ampu_beta	p_wilcox	expression	padj	entropy_class	n_exons	gene_class
LOC_00017865	63	0.272713142850462	0.365712735003282	0.0929995921528201	0.563687737196325	0.533552351835055	0.00030198165815478	6.75686853771299	0.0405400819691206	Entropy_Up	1	Intronless
LOC_00024368	125	0.292430309692969	0.350262005020261	0.0578316953272918	0.475660002978517	0.467338758783355	0.0000923518128400724	1.45549704942496	0.0197866091126341	Entropy_Up	2	2-exon
LOC_00015391	1030	0.206415702992663	0.233265269629669	0.0268495666370064	0.504153544824331	0.49908578334855	0.0000946766908473368	7.48005607341606	0.020081556657824	Entropy_Up	19	3+ exon
LOC_00002676	504	0.257762437652408	0.284202449922616	0.0264400122702078	0.34873197151437	0.34720643182864	0.0000739287909523166	5.55721360227262	0.017950516328704	Entropy_Up	7	3+ exon
LOC_00008956	234	0.00788231176063131	0.0268830118364631	0.0190007000758318	0.0012296966909775	0.00427580755726015	0.000291763250317439	8.88965062471117	0.0404483026306091	Entropy_Up	6	3+ exon
LOC_00015390	1843	0.234337479867264	0.252872056444129	0.0185345765768648	0.468096851953222	0.466267146740189	0.0000830810305402253	3.9115591716275	0.0191897889646435	Entropy_Up	94	3+ exon
LOC_00021828	674	0.0144994660026484	0.0268100544493858	0.0123105884467374	0.00222492888988065	0.00427570712471819	0.000177895370689622	5.51889934527987	0.0293381468204087	Entropy_Up	6	3+ exon
LOC_00013794	4105	0.0174220269200033	0.0219376336642259	0.00451560674422259	0.00280106944812985	0.00360295081064742	0.000297989546102841	3.31540189760222	0.0405400819691206	Entropy_Up	18	3+ exon
