Region	rho	p
Promoter	0.0128379394409148	0.0609366718067225
Exon	0.430033222526856	0
Intron	0.422547747894851	0
Downstream	0.283311100568289	0
Gene body	0.407122568484756	0
