mean_ctrl_entropy	mean_ampu_entropy	mean_delta	wilcox_p	n_cpgs
0.107234711127765	0.105011004446572	-0.00222370668119212	0	25439068
