observed_mi	perm_p	perm_mean	perm_sd	n_genes
0.0143847733860716	0.496	0.0144894615113463	0.00236472764419861	4029
